[
  {
    "id": "5ed4fa70-cae7-4aea-a511-1ad7e7434690",
    "data": [
      {
        "text": "Secure the door",
        "userDefined": false
      }
    ],
    "isTemplate": false,
    "count": 0,
    "updated": 1539073827
  },
  {
    "id": "3ae2077d-7d1f-4060-a224-818a1fc80914",
    "data": [
      {
        "text": "Shut the door",
        "userDefined": false
      }
    ],
    "isTemplate": false,
    "count": 0,
    "updated": 1539073827
  },
  {
    "id": "f9c7b463-59f6-4503-91c4-904dcee1cd54",
    "data": [
      {
        "text": "Lock the door",
        "userDefined": false
      }
    ],
    "isTemplate": false,
    "count": 0,
    "updated": 1539073827
  }
]