[
  {
    "id": "e7badfcc-a90f-456d-a677-6faf0546c051",
    "data": [
      {
        "text": "music ",
        "userDefined": false
      },
      {
        "text": "today",
        "alias": "date",
        "meta": "@sys.date",
        "userDefined": false
      }
    ],
    "isTemplate": false,
    "count": 0,
    "updated": 1540561428
  },
  {
    "id": "a40ef1f1-9c78-4555-9038-e5fff20c26ae",
    "data": [
      {
        "text": "play ",
        "userDefined": false
      },
      {
        "text": "today",
        "alias": "date",
        "meta": "@sys.date",
        "userDefined": false
      },
      {
        "text": "\u0027s music",
        "userDefined": false
      }
    ],
    "isTemplate": false,
    "count": 0,
    "updated": 1540561428
  }
]