[
  {
    "id": "78233b8b-93f0-4e00-96a7-0e0736b5c2a8",
    "data": [
      {
        "text": "Play ",
        "userDefined": false
      },
      {
        "text": "techno",
        "alias": "music",
        "meta": "@music",
        "userDefined": true
      }
    ],
    "isTemplate": false,
    "count": 0,
    "updated": 1539167746
  },
  {
    "id": "75efaeb5-a1cb-4e5a-bae5-2e347cca067a",
    "data": [
      {
        "text": "Play ",
        "userDefined": false
      },
      {
        "text": "Taylor Swift",
        "alias": "music",
        "meta": "@music",
        "userDefined": false
      }
    ],
    "isTemplate": false,
    "count": 0,
    "updated": 1539167746
  },
  {
    "id": "9f7bdd77-df17-476e-9f52-113c08ec410d",
    "data": [
      {
        "text": "Play ",
        "userDefined": false
      },
      {
        "text": "The Beatles",
        "alias": "music",
        "meta": "@music",
        "userDefined": false
      }
    ],
    "isTemplate": false,
    "count": 0,
    "updated": 1539167746
  }
]