[
  {
    "id": "8ee67533-b585-4907-8c49-af5249b5ce6a",
    "data": [
      {
        "text": "Change light to ",
        "userDefined": false
      },
      {
        "text": "50",
        "alias": "number",
        "meta": "@sys.number",
        "userDefined": false
      }
    ],
    "isTemplate": false,
    "count": 0,
    "updated": 1540502636
  },
  {
    "id": "e0288549-eebd-4dfe-955d-9f88ba206c6c",
    "data": [
      {
        "text": "Set light to ",
        "userDefined": false
      },
      {
        "text": "100",
        "alias": "number",
        "meta": "@sys.number",
        "userDefined": false
      }
    ],
    "isTemplate": false,
    "count": 0,
    "updated": 1540502636
  }
]