[
  {
    "id": "1a0d2d33-22a1-4a3c-bf14-3d4b619e8812",
    "data": [
      {
        "text": "Show me the camera",
        "userDefined": false
      }
    ],
    "isTemplate": false,
    "count": 0,
    "updated": 1539073798
  },
  {
    "id": "9747b392-a59d-4f20-b70c-682d26e954b4",
    "data": [
      {
        "text": "Camera",
        "userDefined": false
      }
    ],
    "isTemplate": false,
    "count": 1,
    "updated": 1539073798
  },
  {
    "id": "0e5f86f7-cf28-41b8-a536-5bc7180ebff0",
    "data": [
      {
        "text": "Show camera",
        "userDefined": false
      }
    ],
    "isTemplate": false,
    "count": 0,
    "updated": 1539073798
  },
  {
    "id": "7c185917-980e-4719-b78b-25c9022eb043",
    "data": [
      {
        "text": "Show nest",
        "userDefined": false
      }
    ],
    "isTemplate": false,
    "count": 0,
    "updated": 1539073798
  },
  {
    "id": "386eee9e-22b1-4886-bdf8-61033f91b105",
    "data": [
      {
        "text": "Who\u0027s outside",
        "userDefined": false
      }
    ],
    "isTemplate": false,
    "count": 0,
    "updated": 1539073798
  }
]