[
  {
    "id": "2b9d906f-4477-4ff6-91ef-c82ad414c179",
    "data": [
      {
        "text": "Make it red",
        "userDefined": false
      }
    ],
    "isTemplate": false,
    "count": 0,
    "updated": 1539255641
  },
  {
    "id": "f7ae37d9-aa5d-4aef-a216-2acd5516b3b5",
    "data": [
      {
        "text": "Turn the light ",
        "userDefined": false
      },
      {
        "text": "red",
        "meta": "@sys.ignore",
        "userDefined": false
      }
    ],
    "isTemplate": false,
    "count": 0,
    "updated": 1539255641
  }
]