[
  {
    "id": "5dc6372b-723e-4536-a849-a80930070166",
    "data": [
      {
        "text": "Turn on the plug",
        "userDefined": false
      }
    ],
    "isTemplate": false,
    "count": 0,
    "updated": 1539165834
  },
  {
    "id": "29779778-5069-439f-8ef3-739efbcdb18b",
    "data": [
      {
        "text": "Turn on the outlet",
        "userDefined": false
      }
    ],
    "isTemplate": false,
    "count": 0,
    "updated": 1539165834
  },
  {
    "id": "51b6394b-c0d7-48d8-b271-7c909bbbccb7",
    "data": [
      {
        "text": "Turn plug on",
        "userDefined": false
      }
    ],
    "isTemplate": false,
    "count": 0,
    "updated": 1539165834
  }
]