[
  {
    "id": "a145be3d-47ac-4caf-9498-7e5aa4b49f8a",
    "data": [
      {
        "text": "I can\u0027t see anything",
        "userDefined": false
      }
    ],
    "isTemplate": false,
    "count": 0,
    "updated": 1539001831
  },
  {
    "id": "cd74107d-5040-4d93-b471-acbed5695fcb",
    "data": [
      {
        "text": "It\u0027s dark in here.",
        "userDefined": false
      }
    ],
    "isTemplate": false,
    "count": 0,
    "updated": 1539001831
  },
  {
    "id": "87e5e390-40f3-4d87-9438-c0477d8ea3f7",
    "data": [
      {
        "text": "Can you make it brighter in here?",
        "userDefined": false
      }
    ],
    "isTemplate": false,
    "count": 0,
    "updated": 1539001831
  },
  {
    "id": "7855fc47-1704-405f-95a6-f0756b1b5235",
    "data": [
      {
        "text": "Turn the lights on",
        "userDefined": false
      }
    ],
    "isTemplate": false,
    "count": 0,
    "updated": 1539001831
  },
  {
    "id": "aa288f48-b463-4e86-b731-f29472e58c66",
    "data": [
      {
        "text": "Turn on the light",
        "userDefined": false
      }
    ],
    "isTemplate": false,
    "count": 0,
    "updated": 1539001831
  },
  {
    "id": "fd2d7685-858f-4c65-8fbc-324ab1d8b166",
    "data": [
      {
        "text": "Switch on the light",
        "userDefined": false
      }
    ],
    "isTemplate": false,
    "count": 0,
    "updated": 1539001831
  }
]