[
  {
    "id": "6175b8fc-8194-4c30-8f74-fd67b3b86029",
    "data": [
      {
        "text": "Turn off light",
        "userDefined": false
      }
    ],
    "isTemplate": false,
    "count": 0,
    "updated": 1539014374
  },
  {
    "id": "7b07ae75-3894-45e5-81ec-d405b0b74231",
    "data": [
      {
        "text": "Switch the lights off",
        "userDefined": false
      }
    ],
    "isTemplate": false,
    "count": 0,
    "updated": 1539014374
  },
  {
    "id": "61582e60-42bc-4dfa-8632-46a7ef9dccc3",
    "data": [
      {
        "text": "Turn off the lights",
        "userDefined": false
      }
    ],
    "isTemplate": false,
    "count": 0,
    "updated": 1539014374
  }
]