[
  {
    "id": "9975726b-b9c9-429d-960b-c47ec4662024",
    "data": [
      {
        "text": "Unlock the door",
        "userDefined": false
      }
    ],
    "isTemplate": false,
    "count": 0,
    "updated": 1539101043
  },
  {
    "id": "c845cb5f-ea81-46b2-a67c-32dd1939bfcb",
    "data": [
      {
        "text": "Open door",
        "userDefined": false
      }
    ],
    "isTemplate": false,
    "count": 1,
    "updated": 1539101043
  },
  {
    "id": "69a582a0-ad46-4336-9fb1-cbf060cc1537",
    "data": [
      {
        "text": "Open the door",
        "userDefined": false
      }
    ],
    "isTemplate": false,
    "count": 0,
    "updated": 1539101043
  }
]